Workbook

Sheet How it works
A1: ACCOUNTABILITY GROUP
A2: 3 to 7 teams at your pace. Every two weeks. One goal per team. Candid answers.
A4: WHY
A5: Busy is not progress | B5: Founders fill weeks with work that feels productive: a logo, a grant form, a fifth deck version. Nobody inside your team says stop. A group of peers who see your numbers every two weeks does.
A6: What it is | B6: A small group of teams at a similar stage that meets every two weeks, sets one goal per team and asks candidly two weeks later whether it was hit.
A8: THE GROUP
A9: Size | B9: 3 to 7 teams. Fewer than 3 is a chat, more than 7 does not fit into 45 minutes.
A10: Pace | B10: Teams at a similar stage of the course or the evidence pyramid, so the goals are comparable.
A11: Roles | B11: One host per meeting, rotating through the Group sheet. The host keeps the time and fills in the Goals sheet.
A12: Format | B12: Informal and short. Video call or a table in a café. No slides. Numbers before stories.
A14: THE MEETING (45 MINUTES AT MOST)
A15: 1. Report (2 min per team) | B15: Last cycle's goal, the target and the actual number. Hit or missed. Fill in Actual on the Goals sheet.
A16: 2. Candid round (2 min per team) | B16: Hit it? The group asks why it was not bigger. Missed it? The group asks why, and what changes. The team writes both answers into the Goals sheet.
A17: 3. Next goal (3 min per team) | B17: One goal for the next two weeks, one sentence with a number and a date. The group runs the goal test below and calls it too small, right or too big.
A18: 4. One ask | B18: Each team names one thing the group can help with: an intro, a review, a test user.
A20: THE GOAL TEST
A21: Learning? | B21: Does reaching it teach us something about customers that we do not know yet? Validated learning counts, activity does not.
A22: Revenue? | B22: Does it bring a paying customer closer? Conversations, next steps, pilots and payments count. Followers, awards and grant forms do not.
A23: Lasting? | B23: Does it build a business that can sustain itself, or only this week's to-do list?
A24: Two no's | B24: If a goal fails two of the three questions, the team rewrites it before the meeting ends.
A26: THE CANDID RULE
A27: Hit every time? | B27: Then the goals are too small. A team that hits every goal is not stretching. Aim for goals you hit about two times in three.
A28: Miss every time? | B28: Then the goals are too big or the focus is off. Cut the goal to what the team controls, and ask the group what blocked it.
A29: Confidential | B29: What a team shares in the group stays in the group.
A31: THE SHEETS
A32: Group | B32: One row per team, with its venture in one line and the host order.
A33: Goals | B33: One row per team and cycle. The left half is filled when the goal is set, the right half two weeks later.
A34: Scoreboard | B34: Fills itself. Hit rate and average share of target per team, with a hint whether to raise the bar.
A35: Examples | B35: Weak goals next to good ones, so you know what to aim for.
A37: Ambitious Entrepreneurship, Module 00 and 01. Y Combinator runs its batches in groups that meet every two weeks with the same questions. The two-in-three rule follows Google's OKR guidance that a 60 to 70% average signals ambitious stretch goals.

Sheet Group
A1: GROUP
A2: One row per team. Keep it to 3 to 7 teams. The host order rotates through this list.
A4: Team | B4: Venture in one line | C4: Founders | D4: Contact | E4: Evidence level today | F4: Hosts cycle
F5: =IF(A5="","","1, "&(1+COUNTA($A$5:$A$11)))
F6: =IF(A6="","","2, "&(2+COUNTA($A$5:$A$11)))
F7: =IF(A7="","","3, "&(3+COUNTA($A$5:$A$11)))
F8: =IF(A8="","","4, "&(4+COUNTA($A$5:$A$11)))
F9: =IF(A9="","","5, "&(5+COUNTA($A$5:$A$11)))
F10: =IF(A10="","","6, "&(6+COUNTA($A$5:$A$11)))
F11: =IF(A11="","","7, "&(7+COUNTA($A$5:$A$11)))

Sheet Goals
A1: GOALS
A2: Left half when the goal is set. Right half two weeks later. One row per team and cycle.
A3: SET THE GOAL | K3: TWO WEEKS LATER
A4: Cycle | B4: Meeting date | C4: Team | D4: Two-week goal (one sentence, with a number and a date) | E4: Metric | F4: Target | G4: Learning? | H4: Revenue? | I4: Lasting? | J4: Group: ambition | K4: Actual | L4: Share of target | M4: Result | N4: Why hit or missed (candid) | O4: What changes next cycle | P4: One ask to the group
L5: =IF(OR(F5="",K5=""),"",K5/F5) | M5: =IF(L5="","",IF(L5>=1,"Hit","Missed"))
L6: =IF(OR(F6="",K6=""),"",K6/F6) | M6: =IF(L6="","",IF(L6>=1,"Hit","Missed"))
L7: =IF(OR(F7="",K7=""),"",K7/F7) | M7: =IF(L7="","",IF(L7>=1,"Hit","Missed"))
L8: =IF(OR(F8="",K8=""),"",K8/F8) | M8: =IF(L8="","",IF(L8>=1,"Hit","Missed"))
L9: =IF(OR(F9="",K9=""),"",K9/F9) | M9: =IF(L9="","",IF(L9>=1,"Hit","Missed"))
L10: =IF(OR(F10="",K10=""),"",K10/F10) | M10: =IF(L10="","",IF(L10>=1,"Hit","Missed"))
L11: =IF(OR(F11="",K11=""),"",K11/F11) | M11: =IF(L11="","",IF(L11>=1,"Hit","Missed"))
L12: =IF(OR(F12="",K12=""),"",K12/F12) | M12: =IF(L12="","",IF(L12>=1,"Hit","Missed"))
L13: =IF(OR(F13="",K13=""),"",K13/F13) | M13: =IF(L13="","",IF(L13>=1,"Hit","Missed"))
L14: =IF(OR(F14="",K14=""),"",K14/F14) | M14: =IF(L14="","",IF(L14>=1,"Hit","Missed"))
L15: =IF(OR(F15="",K15=""),"",K15/F15) | M15: =IF(L15="","",IF(L15>=1,"Hit","Missed"))
L16: =IF(OR(F16="",K16=""),"",K16/F16) | M16: =IF(L16="","",IF(L16>=1,"Hit","Missed"))
... L94: =IF(OR(F94="",K94=""),"",K94/F94) | M94: =IF(L94="","",IF(L94>=1,"Hit","Missed"))

Sheet Scoreboard
A1: SCOREBOARD
A2: Fills itself from the Goals sheet. Read it every meeting, before the next goals are set.
A4: Team | B4: Goals set | C4: Goals reported | D4: Hit | E4: Hit rate | F4: Average share of target | G4: Read
A5: =IF(Group!A5="","",Group!A5) | B5: =IF(A5="","",COUNTIFS(Goals!$C$5:$C$94,A5,Goals!$D$5:$D$94,"<>")) | C5: =IF(A5="","",COUNTIFS(Goals!$C$5:$C$94,A5,Goals!$K$5:$K$94,"<>")) | D5: =IF(A5="","",COUNTIFS(Goals!$C$5:$C$94,A5,Goals!$M$5:$M$94,"Hit")) | E5: =IF(OR(A5="",C5=0),"",D5/C5) | F5: =IF(OR(A5="",C5=0),"",AVERAGEIFS(Goals!$L$5:$L$94,Goals!$C$5:$C$94,A5,Goals!$K$5:$K$94,"<>")) | G5: =IF(OR(A5="",C5=""),"",IF(C5<3,"Too early to read. Keep setting goals",IF(E5>0.8,"Hitting almost everything. Raise the bar",IF(E5<0.34,"Missing most goals. Cut to what you control and ask the group why","Ambitious and moving. Keep the pace"))))
A6: =IF(Group!A6="","",Group!A6) | B6: =IF(A6="","",COUNTIFS(Goals!$C$5:$C$94,A6,Goals!$D$5:$D$94,"<>")) | C6: =IF(A6="","",COUNTIFS(Goals!$C$5:$C$94,A6,Goals!$K$5:$K$94,"<>")) | D6: =IF(A6="","",COUNTIFS(Goals!$C$5:$C$94,A6,Goals!$M$5:$M$94,"Hit")) | E6: =IF(OR(A6="",C6=0),"",D6/C6) | F6: =IF(OR(A6="",C6=0),"",AVERAGEIFS(Goals!$L$5:$L$94,Goals!$C$5:$C$94,A6,Goals!$K$5:$K$94,"<>")) | G6: =IF(OR(A6="",C6=""),"",IF(C6<3,"Too early to read. Keep setting goals",IF(E6>0.8,"Hitting almost everything. Raise the bar",IF(E6<0.34,"Missing most goals. Cut to what you control and ask the group why","Ambitious and moving. Keep the pace"))))
A7: =IF(Group!A7="","",Group!A7) | B7: =IF(A7="","",COUNTIFS(Goals!$C$5:$C$94,A7,Goals!$D$5:$D$94,"<>")) | C7: =IF(A7="","",COUNTIFS(Goals!$C$5:$C$94,A7,Goals!$K$5:$K$94,"<>")) | D7: =IF(A7="","",COUNTIFS(Goals!$C$5:$C$94,A7,Goals!$M$5:$M$94,"Hit")) | E7: =IF(OR(A7="",C7=0),"",D7/C7) | F7: =IF(OR(A7="",C7=0),"",AVERAGEIFS(Goals!$L$5:$L$94,Goals!$C$5:$C$94,A7,Goals!$K$5:$K$94,"<>")) | G7: =IF(OR(A7="",C7=""),"",IF(C7<3,"Too early to read. Keep setting goals",IF(E7>0.8,"Hitting almost everything. Raise the bar",IF(E7<0.34,"Missing most goals. Cut to what you control and ask the group why","Ambitious and moving. Keep the pace"))))
A8: =IF(Group!A8="","",Group!A8) | B8: =IF(A8="","",COUNTIFS(Goals!$C$5:$C$94,A8,Goals!$D$5:$D$94,"<>")) | C8: =IF(A8="","",COUNTIFS(Goals!$C$5:$C$94,A8,Goals!$K$5:$K$94,"<>")) | D8: =IF(A8="","",COUNTIFS(Goals!$C$5:$C$94,A8,Goals!$M$5:$M$94,"Hit")) | E8: =IF(OR(A8="",C8=0),"",D8/C8) | F8: =IF(OR(A8="",C8=0),"",AVERAGEIFS(Goals!$L$5:$L$94,Goals!$C$5:$C$94,A8,Goals!$K$5:$K$94,"<>")) | G8: =IF(OR(A8="",C8=""),"",IF(C8<3,"Too early to read. Keep setting goals",IF(E8>0.8,"Hitting almost everything. Raise the bar",IF(E8<0.34,"Missing most goals. Cut to what you control and ask the group why","Ambitious and moving. Keep the pace"))))
A9: =IF(Group!A9="","",Group!A9) | B9: =IF(A9="","",COUNTIFS(Goals!$C$5:$C$94,A9,Goals!$D$5:$D$94,"<>")) | C9: =IF(A9="","",COUNTIFS(Goals!$C$5:$C$94,A9,Goals!$K$5:$K$94,"<>")) | D9: =IF(A9="","",COUNTIFS(Goals!$C$5:$C$94,A9,Goals!$M$5:$M$94,"Hit")) | E9: =IF(OR(A9="",C9=0),"",D9/C9) | F9: =IF(OR(A9="",C9=0),"",AVERAGEIFS(Goals!$L$5:$L$94,Goals!$C$5:$C$94,A9,Goals!$K$5:$K$94,"<>")) | G9: =IF(OR(A9="",C9=""),"",IF(C9<3,"Too early to read. Keep setting goals",IF(E9>0.8,"Hitting almost everything. Raise the bar",IF(E9<0.34,"Missing most goals. Cut to what you control and ask the group why","Ambitious and moving. Keep the pace"))))
A10: =IF(Group!A10="","",Group!A10) | B10: =IF(A10="","",COUNTIFS(Goals!$C$5:$C$94,A10,Goals!$D$5:$D$94,"<>")) | C10: =IF(A10="","",COUNTIFS(Goals!$C$5:$C$94,A10,Goals!$K$5:$K$94,"<>")) | D10: =IF(A10="","",COUNTIFS(Goals!$C$5:$C$94,A10,Goals!$M$5:$M$94,"Hit")) | E10: =IF(OR(A10="",C10=0),"",D10/C10) | F10: =IF(OR(A10="",C10=0),"",AVERAGEIFS(Goals!$L$5:$L$94,Goals!$C$5:$C$94,A10,Goals!$K$5:$K$94,"<>")) | G10: =IF(OR(A10="",C10=""),"",IF(C10<3,"Too early to read. Keep setting goals",IF(E10>0.8,"Hitting almost everything. Raise the bar",IF(E10<0.34,"Missing most goals. Cut to what you control and ask the group why","Ambitious and moving. Keep the pace"))))
A11: =IF(Group!A11="","",Group!A11) | B11: =IF(A11="","",COUNTIFS(Goals!$C$5:$C$94,A11,Goals!$D$5:$D$94,"<>")) | C11: =IF(A11="","",COUNTIFS(Goals!$C$5:$C$94,A11,Goals!$K$5:$K$94,"<>")) | D11: =IF(A11="","",COUNTIFS(Goals!$C$5:$C$94,A11,Goals!$M$5:$M$94,"Hit")) | E11: =IF(OR(A11="",C11=0),"",D11/C11) | F11: =IF(OR(A11="",C11=0),"",AVERAGEIFS(Goals!$L$5:$L$94,Goals!$C$5:$C$94,A11,Goals!$K$5:$K$94,"<>")) | G11: =IF(OR(A11="",C11=""),"",IF(C11<3,"Too early to read. Keep setting goals",IF(E11>0.8,"Hitting almost everything. Raise the bar",IF(E11<0.34,"Missing most goals. Cut to what you control and ask the group why","Ambitious and moving. Keep the pace"))))
A13: How to read it
A14: Hit rate above 80%: the goals are too small. A team that hits every goal is not stretching.
A15: Hit rate between about 34% and 80%: ambitious goals, most of them reached. Aim for about two in three.
A16: Hit rate below about 34%: the goals are too big or the focus is off. Ask the group what blocked you.
A17: Read only after 3 reported cycles. Before that, one miss or hit says little.

Sheet Examples
A1: WHAT GOOD LOOKS LIKE
A2: Made-up examples. A good goal names a number, a date and something only a customer can give you.
A4: Weak goal | B4: Why it is weak | C4: Good goal | D4: Why it is good
A5: Do more interviews | B5: No number, no date, no one named | C5: Hold 30 problem conversations with named warehouse managers and get 10 to agree to a next step within two weeks | D5: Counts what customers do, and the next steps are your first prospects
A6: Apply for EXIST | B6: A jury is not a customer. It teaches you nothing about demand | C6: Get 3 of our 10 hottest prospects to pay for a two-week pilot within two weeks | D6: A payment is the top of the evidence pyramid
A7: Build the MVP | B7: Activity, not an outcome. Done when you say so | C7: 5 users from our segment reach the outcome without our help, counted in the Use Log, within two weeks | D7: Measures use by real people, not features shipped
A8: Grow on LinkedIn | B8: Followers and likes are vanity metrics | C8: Win 3 paying users from outside our social graph through direct outreach, shown in the payment dashboard | D8: Revenue from strangers, the course's hardest proof
A9: Polish the pitch deck | B9: Nobody pays for a deck | C9: Reach EUR 1,000 cumulative revenue from outside our social graph by the next meeting | D9: The number on the deck matters more than the deck
